Workbook

Sheet Synergy R
A1: Company | B1: Current Retail | C1: Current Logistics | D1: Synergy Growth Rate | E1: Synergy Revenue
A2: Delhivery | B2: 251971.67 | C2: 6658.66 | D2: 0.01 | E2: =(B2+C2)*(1+D2) -> 261216.63
A3: Blue Dart | B3: 251971.67 | C3: 5204.26 | D3: 0.01 | E3: =(B3+C3)*(1+D3) -> 259747.69
A4: Gati | B4: 251971.67 | C4: 1746.04 | D4: 0.01 | E4: =(B4+C4)*(1+D4) -> 256254.89

Sheet Market Share R
A1: Company | B1: Market Size | C1: Initial Market Share | D1: Expected Increase | E1: Market Share Revenue
A2: Delhivery | B2: 7826539.8 | C2: ='Synergy R'!B2/'Market Share R'!B2*100 -> 3.2194517 | D2: 2.75 | E2: =0.9*B2*(C2+D2)/100 -> 420481.36
A3: Blue Dart | B3: 7826539.8 | C3: ='Synergy R'!B3/'Market Share R'!B3*100 -> 3.2194517 | D3: 2.25 | E3: =0.9*B3*(C3+D3)/100 -> 385261.93
A4: Gati | B4: 7826539.8 | C4: ='Synergy R'!B4/'Market Share R'!B4*100 -> 3.2194517 | D4: 2.5 | E4: =0.9*B4*(C4+D4)/100 -> 402871.65

Sheet Customer Retention R
A1: Company | B1: Customer Base | C1: Increased Retention Rate | D1: ARPU (Rs) | E1: Customer Retention Revenue (Cr)
A2: Delhivery | B2: 24.9 | C2: 50 | D2: ='Synergy R'!B2/'Customer Retention R'!B2 -> 10119.344 | E2: =B2*C2*D2/10000000 -> 1.2598584
A3: Blue Dart | B3: 24.9 | C3: 40 | D3: ='Synergy R'!B3/'Customer Retention R'!B3 -> 10119.344 | E3: =B3*C3*D3/10000000 -> 1.0078867
A4: Gati | B4: 24.9 | C4: 45 | D4: ='Synergy R'!B4/'Customer Retention R'!B4 -> 10119.344 | E4: =B4*C4*D4/10000000 -> 1.1338725

Sheet Revenue Synergies
A1: Company | B1: Total Synergy Revenue | C1: Error Correction Factor | D1: Final Synergy Revenue | E1: Delta Revenue
A2: Delhivery | B2: ='Synergy R'!E2+'Market Share R'!E2+'Customer Retention R'!E2 -> 681699.26 | C2: 0.33 | D2: =B2/C2 -> 2065755.3 | E2: =D2-'Synergy R'!B2 -> 1813783.7
A3: Blue Dart | B3: ='Synergy R'!E3+'Market Share R'!E3+'Customer Retention R'!E3 -> 645010.63 | C3: 0.33 | D3: =B3/C3 -> 1954577.7 | E3: =D3-'Synergy R'!B3 -> 1702606
A4: Gati | B4: ='Synergy R'!E4+'Market Share R'!E4+'Customer Retention R'!E4 -> 659127.67 | C4: 0.33 | D4: =B4/C4 -> 1997356.6 | E4: =D4-'Synergy R'!B4 -> 1745384.9
